label,cutoff
bcc,66.08268589698805
cd,46.648668549428486
fcc,75.23124212718362
hcp,66.6287043970611
hd,43.10921826963805
sc,61.32954656284485
