{"bcc": 39.288621362485294, "cd": 28.34034216173079, "fcc": 39.240442180849314, "hcp": 32.98318635484965, "hd": 26.145380947559417, "sc": 41.342292185533715}