{"bcc": 39.4602477542561, "cd": 28.33144306637225, "fcc": 39.080650959846764, "hcp": 33.07171282394689, "hd": 26.191025139066912, "sc": 41.42780519141602}