{"bcc": 39.449941646257976, "cd": 28.427370359440662, "fcc": 39.2595657063273, "hcp": 32.991046958804795, "hd": 26.058616951272892, "sc": 41.505305748808595}