{"bcc": 39.41284814498348, "cd": 28.42215360048774, "fcc": 39.16421029210859, "hcp": 33.032240726636886, "hd": 26.131425569275766, "sc": 41.00672604868897}