{"bcc": 39.41147155678621, "cd": 28.259927908231408, "fcc": 39.19677038160967, "hcp": 32.90294498879288, "hd": 26.114349219642047, "sc": 41.44602350000252}