{"bcc": 39.35461746788255, "cd": 28.330171287034627, "fcc": 39.19802161213469, "hcp": 32.982742773981585, "hd": 26.16902560239176, "sc": 41.42799682457421}