{"bcc": 39.30744421081325, "cd": 28.28194879627629, "fcc": 39.21150736033608, "hcp": 32.91582052826404, "hd": 26.09466296239258, "sc": 41.87660853666426}